year,data_year,source,target,cumulative_volume_af,transmission_kwh/af,treatment_kwh/af,used_vol_af
2015,2015,CRA_EglMtn,CRA_Hinds,1000000,532.5650558,0,0
2015,2015,CRA_Gene,CRA_IronMtn,1000000,370.9591078,0,0
2015,2015,CRA_Hinds,SW_CRA_LkMthws,1000000,539.9107807,0,0
2015,2015,CRA_IronMtn,CRA_EglMtn,1000000,176.2973978,0,0
2015,2015,CRA_Whitsett,CRA_Gene,1000000,356.267658,0,0
2015,2015,CVP_SFBayDelta,SW_CVP-DMC,352321,0,0,0
2015,2015,CVP_SLNO,Solano_ID,125500,10,0,95380
2015,2015,GW1801-1-08,GW1801-1-08.01 ,170.2201087,0,0,170.2201087
2015,2015,GW1801-1-55,GW1801-1-55.01,3379.421504,0,0,3361
2015,2015,GW1802-5-21,GW1802-5-21.52 ,1680,0,0,1675.32
2015,2015,GW1802-5-21,GW1802-5-21.58 ,29559,0,0,29503.48
2015,2015,GW1802-5-21,GW1802-5-21.60 ,3239.087626,0,0,3220
2015,2015,GW1802-5-21,GW1802-5-21.61 ,3439,0,0,3294
2015,2015,GW1802-5-21,GW1802-5-21.62 ,2077.66001,0,0,2046.24
2015,2015,GW1802-5-21,GW1802-5-21.64 ,24845.00301,0,0,24663.35
2015,2015,GW1802-5-21,GW1802-5-21.65 ,56550.77856,0,0,52548.09
2015,2015,GW1802-5-21,GW1802-5-21.66 ,13003.07214,0,0,12988.62
2015,2015,GW1802-5-21,GW1802-5-21.67 ,28506,0,0,28400
2015,2015,GW1803-5-22,GW1803-5-22.08 ,64390.52731,0,0,64227.63
2015,2015,GW1803-5-22,GW1803-5-22.11 ,56729,0,0,56526.61
2015,2015,GW1803-5-22,GW1803-5-22.12 ,23707,0,0,23707
2015,2015,GW1803-5-22,GW1803-5-22.14 ,73951.7424,0,0,73614.66
2015,2015,GW1803-5-22,GW1804-5-22.15 ,1750.57377,0,0,1750
2015,2015,GW1804-5-22,GW1804-5-22.01 ,31118.52381,0,0,30952.1
2015,2015,GW1804-5-22,GW1804-5-22.02 ,10591.01866,0,0,484.992193
2015,2015,GW1804-5-22,GW1804-5-22.03 ,35961.74615,0,0,34649.20477
2015,2015,GW1804-5-22,GW1804-5-22.04 ,30051.0015,0,0,29753.46
2015,2015,GW1804-5-22,GW1804-5-22.06 ,15786,0,0,15785.82
2015,2015,GW1804-5-22,GW1804-5-22.07 ,12694.02606,0,0,11692.51565
2015,2015,GW1804-5-22,GW1804-5-22.15 ,7156.311942,0,0,7147.5
2015,2015,GW1805-2-02,GW1805-2-02.02 ,668.8327365,0,0,662.7
2015,2015,GW1805-2-09,GW1805-2-09.01 ,19765.70048,0,0,19765.70048
2015,2015,GW1805-2-09,GW1805-2-09.02 ,49055.11609,0,0,40575.06
2015,2015,GW1805-2-09,GW1805-2-09.03 ,1046.367198,0,0,1043.2
2015,2015,GW1806-3-03,GW1806-3-03.01 ,59111.66738,0,0,45291.43
2015,2015,GW1806-3-03,GW1806-3-03.04 ,1294.272124,0,0,1274.72
2015,2015,GW1806-3-04,GW1806-3-04.02 ,19064,0,0,18947.7
2015,2015,GW1806-3-04,GW1806-3-04.04 ,2323,0,0,2323
2015,2015,GW1806-3-04,GW1806-3-04.05 ,1821,0,0,1813.5
2015,2015,GW1806-3-04,GW1806-3-04.06 ,4620.157068,0,0,4606.5
2015,2015,GW1806-3-04,GW1806-3-04.08 ,9380.708123,0,0,9354.92
2015,2015,GW1807-4-04,GW1807-4-04.02 ,22365.4267,0,0,11564.63
2015,2015,GW1807-4-04,GW1807-4-04.03 ,16700,0,0,13396
2015,2015,GW1807-4-04,GW1807-4-04.07 ,14797.51551,0,0,14734.5
2015,2015,GW1807-4-11,GW1807-4-11.02 ,444.7565257,0,0,440
2015,2015,GW1807-4-11,GW1807-4-11.03 ,17098.03342,0,0,15614.43
2015,2015,GW1807-4-11,GW1807-4-11.04 ,354226.4959,0,0,314528.71
2015,2015,GW1807-8-02,GW1807-8-02.01 ,214270.7393,0,0,95106.15
2015,2015,GW1807-8-02,GW1807-8-02.02 ,7948.171473,0,0,7878.28
2015,2015,GW1807-8-02,GW1807-8-02.03 ,14400.43954,0,0,10753.5
2015,2015,GW1807-8-02,GW1807-8-02.04 ,32891.7976,0,0,32630.67
2015,2015,GW1807-8-02,GW1807-8-02.06 ,114144.1617,0,0,111019.76
2015,2015,GW1807-8-02,GW1807-8-02.07 ,6930.760607,0,0,6884.96
2015,2015,GW1807-8-02,GW1807-8-02.08 ,5173.687884,0,0,5172
2015,2015,GW1808-6-05,GW1808-6-05.01 ,4695,0,0,4668.72
2015,2015,GW1808-6-05,GW1808-6-05.02 ,1070.054508,0,0,965.52
2015,2015,GW1808-6-05,GW1808-6-05.03 ,195,0,0,195
2015,2015,GW1810-7-21,GW1810-7-21.01 ,155109.879,0,0,153604
2015,2015,GW1810-7-21,GW1810-7-21.03 ,13200,0,0,13200
2015,2015,GW1810-7-21,GW1810-7-21.04 ,10875,0,0,10875
2015,2015,IMP1807246,GWR1807-8-01 ,6733,87,0,0
2015,2015,LK_BRYSA,CVP_SLNO,176380.8737,0,0,135142.36
2015,2015,Lk_CLEAR,XF1802013,311.9964029,87,0,311.25
2015,2015,Lk_Havasu,CRA_Whitsett,1000000,0,0,0
2015,2015,Lk_OrovilleSWP,SW1802SWP01,3492302,0,0,3988
2015,2015,LK_ShastaCVP,R_Sacramento,352321,0,0,0
2015,2015,LK_TrinityCVP,R_Sacramento,352321,0,0,0
2015,2015,R_American,R_Sacramento,100000,0,0,0
2015,2015,R_AmericanMFRK,R_AmericanNFRK,100000,0,0,0
2015,2015,R_AmericanNFRK,R_American,100000,0,0,0
2015,2015,R_AmericanNFRK,RES_Flsm,66800.3711,0,0,57762
2015,2015,R_AmericanSFRK,EDCWA_Lakes,3505.388941,0,0,3450
2015,2015,R_AmericanSFRK,R_American,100000,0,0,0
2015,2015,R_Calaveras,R_SanJoaquin,100000,0,0,0
2015,2015,R_CARMEL,GWR1806-3-04.08 ,853.1766562,0,0,0
2015,2015,R_Colorado,Lk_Havasu,1000000,0,0,0
2015,2015,R_COLORADO,SW_AAC,33380,87,0,0
2015,2015,R_Feather,R_Sacramento,2521429,0,0,0
2015,2015,R_Kings,XF1803019,16029.88932,87,0,16021
2015,2015,R_Mokelumn,R_SanJoaquin,100000,0,0,0
2015,2015,R_Mokelumn,RES1805031,176301.1765,0,0,174832
2015,2015,R_Mokelumn,XF1804062,3084.105607,0,0,3055
2015,2015,R_RUSSIAN,SW1801031,2619.186084,0,0,2476.05
2015,2015,R_Sacramento,SFBayDelta,2521429,0,0,0
2015,2015,R_SanJoaquin,SFBayDelta,100000,0,0,0
2015,2015,R_Stanislaus,R_SanJoaquin,100000,0,0,0
2015,2015,R_Stanislaus,RES_CVPNMEL,24000,0,0,0
2015,2015,R_Tuolumn,R_SanJoaquin,100000,0,0,0
2015,2015,R_Tuolumn,RES1805081,10000,0,0,0
2015,2015,RES_CACHM,CVP_CACHM,6298.800715,0,0,6236.44
2015,2015,RES_Flsm,CVP_Flsm,69436.10836,0,0,60362
2015,2015,RES_MLRTN,SW_CVPFKC,73984.21588,0,0,73979.63
2015,2015,RES1805081,SW1805081SYS,7687,0,0,0
2015,2015,SFBayDelta,CVP_CCC,82566.52672,0,0,82350
2015,2015,SFBayDelta,CVP_SFBayDelta,352321,0,0,0
2015,2015,SFBayDelta,ECCIDXF,3203.400763,0,0,3195
2015,2015,SFBayDelta,SWP_SFBayDelta,2521429,0,0,0
2015,2015,Solano_ID,SolanoIDExp,95380,0,0,95380
2015,2015,SW_CRA_LkMthws,XF_CRAxAAC,57782.81796,0,0,16040
2015,2015,SW_CVP-DMC,SW_CVP-ONL,8613,251.64,0,8613
2015,2015,SW_CVP-DosAmigos,SW_CVP-Coalinga,11469,146.88,0,0
2015,2015,SW_CVP-Gianelli,SW_CVP-Pacheco,140323,387.01,0,0
2015,2015,SW_CVP-ONL,SW_CVP-DosAmigos,120241,63.72,0,487
2015,2015,SW_CVP-ONL,SW_CVP-Gianelli,8613,63.72,0,0
2015,2015,SW_CVP-Pacheco,SW_CVP-Coyot,120241,254.88,0,0
2015,2015,SW_CVP-Tracy,SW_CVP-CoTracy,120241,24.84,0,0
2015,2015,SW1802SWP01,SW1802SWP02,3492302,0,0,0
2015,2015,SW1802SWP01,SW1802SWP03,2750,0,0,2750
2015,2015,SW1802SWP02,R_Feather,3489552,0,0,968123
2015,2015,SW1802SWP04,SW1805SWP05,27879.44192,255.335,0,0
2015,2015,SW1803SWP11,SW1803SWP12,26162.02564,88.165,0,0
2015,2015,SW1803SWP12,SW1803SWP13,26162.02564,0,0,0
2015,2015,SW1803SWP13,SW1803SWP14,26162.02564,0,0,0
2015,2015,SW1803SWP14,SW1806SWP15,26162.02564,0,0,0
2015,2015,SW1803SWP16,SW1803SWP17,2343830.196,280.525,0,0
2015,2015,SW1803SWP17,SW1803SWP18,2343830.196,306.86,0,0
2015,2015,SW1803SWP18,GWR1803-5-27,205,0,0,0
2015,2015,SW1803SWP18,SW1803SWP19,2343523.492,714.48,0,0
2015,2015,SW1803SWP19,SW1809SWP20,412493,2611.745,0,0
2015,2015,SW1803SWP19,SW1809SWP24,2343234.01,2611.745,0,352321
2015,2015,SW1804SWP06,SW1804SWP07,106915,338.92,0,0
2015,2015,SW1804SWP06,SW1804SWP09,2484706.569,338.92,0,0
2015,2015,SW1804SWP06,SW1804SWP10,2484706.569,338.92,0,0
2015,2015,SW1804SWP07,SW1805SWP08,59963.05606,965.235,0,0
2015,2015,SW1804SWP07,XF_BYRON,3769.894687,965.235,0,21.37936495
2015,2015,SW1804SWP10,SW1803SWP11,61847.43549,155.72,0,0
2015,2015,SW1804SWP10,SW1803SWP16,2413983.262,155.72,0,0
2015,2015,SW1805081EB,SW1805081PEN,296955.555,113.2,0,0
2015,2015,SW1805081SYS,SW1805081EB,11469,0.7,0,0
2015,2015,SW1805SWP05,SW1805SWP05a,27879.44192,422.505,0,0
2015,2015,SW1805SWP05,SW1805SWP05b,25508.33646,422.505,0,0
2015,2015,SW1805SWP05,SW1805SWP05c,9508.33646,422.505,0,0
2015,2015,SW1805SWP05a,SW1805SWP05axf,5968.076441,0,0,5900.892908
2015,2015,SW1805SWP05a,SW1805SWP05axf2,661.0576544,0,0,644.49
2015,2015,SW1805SWP08,GWR1805-2-09.01 ,25400,83.9285,447.7322835,0
2015,2015,SW1805SWP08,SWP_YBACRD,121.4743844,83.9285,224,0.688890649
2015,2015,SW1806SWP15,GWR1806-3-12,1991.506253,0,0,0
2015,2015,SW1806SWP15,SLO_Co_FCWCD,475.3473656,819.82,0,472.68
2015,2015,SW1807246,GWR1807-8-01 ,178000,10,0,0
2015,2015,SW1807SWP22,SW1807SWP23,352321,0,0,0
2015,2015,SW1807SWP26,GWR1807-4-23,1178.079714,0,0,0
2015,2015,SW1807SWP26,GWR1807-8-02.06 ,23309.33371,0,0,0
2015,2015,SW1807SWP26,SW1807SWP27,37585,0,0,0
2015,2015,SW1807SWP27,SW1807SWP28,37585,0,0,0
2015,2015,SW1807SWP28,SW1807SWP29,37585,680.13,0,0
2015,2015,SW1809SWP20,SW1809SWP21,410212,0,0,0
2015,2015,SW1809SWP21,SW1807SWP22,352321,312.585,0,0
2015,2015,SW1809SWP21,XF1807203,36526.77213,312.585,0,36400
2015,2015,SW1809SWP24,SW1809SWP25,770742,782.035,0,0
2015,2015,SW1809SWP25,SW1807SWP26,770742,0,0,0
2015,2015,SWP_SFBayDelta,SW1802SWP04,36722.43112,0,0,0
2015,2015,SWP_SFBayDelta,SW1804SWP06,2484706.569,0,0,0
2020,2015,CRA_EglMtn,CRA_Hinds,1000000,532.5650558,0,0
2020,2015,CRA_Gene,CRA_IronMtn,1000000,370.9591078,0,0
2020,2015,CRA_Hinds,SW_CRA_LkMthws,1000000,539.9107807,0,0
2020,2015,CRA_IronMtn,CRA_EglMtn,1000000,176.2973978,0,0
2020,2015,CRA_Whitsett,CRA_Gene,1000000,356.267658,0,0
2020,2015,CVP_SFBayDelta,SW_CVP-DMC,352321,0,0,0
2020,2015,CVP_SLNO,Solano_ID,130000,10,0,104000
2020,2015,GW1801-1-08,GW1801-1-08.01 ,177.5597826,0,0,177.5597826
2020,2015,GW1801-1-55,GW1801-1-55.01,2734.150022,0,0,2715.22
2020,2015,GW1802-5-21,GW1802-5-21.52 ,1510,0,0,1506.04
2020,2015,GW1802-5-21,GW1802-5-21.58 ,28556,0,0,28474.92
2020,2015,GW1802-5-21,GW1802-5-21.60 ,2995.377924,0,0,2978.04
2020,2015,GW1802-5-21,GW1802-5-21.61 ,3702,0,0,3623.4
2020,2015,GW1802-5-21,GW1802-5-21.62 ,2141.04189,0,0,2111.2
2020,2015,GW1802-5-21,GW1802-5-21.64 ,24969.06359,0,0,24779.56
2020,2015,GW1802-5-21,GW1802-5-21.65 ,50187.28962,0,0,46513
2020,2015,GW1802-5-21,GW1802-5-21.66 ,14631.65959,0,0,14617.77
2020,2015,GW1802-5-21,GW1802-5-21.67 ,7364.330993,0,0,7336
2020,2015,GW1803-5-22,GW1803-5-22.08 ,60386.6555,0,0,59839.64
2020,2015,GW1803-5-22,GW1803-5-22.11 ,58705,0,0,58503.6
2020,2015,GW1803-5-22,GW1803-5-22.12 ,24406,0,0,24406
2020,2015,GW1803-5-22,GW1803-5-22.14 ,73256.08332,0,0,72979.34
2020,2015,GW1803-5-22,GW1804-5-22.15 ,1749.848485,0,0,1725
2020,2015,GW1804-5-22,GW1804-5-22.01 ,30179.7357,0,0,29969.66
2020,2015,GW1804-5-22,GW1804-5-22.02 ,11809.30499,0,0,143.1273953
2020,2015,GW1804-5-22,GW1804-5-22.03 ,18079.34818,0,0,16907.11369
2020,2015,GW1804-5-22,GW1804-5-22.04 ,32444,0,0,32444
2020,2015,GW1804-5-22,GW1804-5-22.06 ,16345,0,0,16169.92
2020,2015,GW1804-5-22,GW1804-5-22.07 ,15432.86809,0,0,14389.61891
2020,2015,GW1804-5-22,GW1804-5-22.15 ,7297.293416,0,0,7274.24
2020,2015,GW1805-2-02,GW1805-2-02.02 ,664.7117259,0,0,661
2020,2015,GW1805-2-09,GW1805-2-09.01 ,20357.48792,0,0,20357.48792
2020,2015,GW1805-2-09,GW1805-2-09.02 ,51470.4254,0,0,43268.5
2020,2015,GW1805-2-09,GW1805-2-09.03 ,1059.871017,0,0,1059.5
2020,2015,GW1806-3-03,GW1806-3-03.01 ,59393.6766,0,0,46110.66
2020,2015,GW1806-3-03,GW1806-3-03.04 ,1386.078628,0,0,1377.52
2020,2015,GW1806-3-04,GW1806-3-04.02 ,17968,0,0,17856
2020,2015,GW1806-3-04,GW1806-3-04.04 ,2585,0,0,2585
2020,2015,GW1806-3-04,GW1806-3-04.05 ,1787,0,0,1786.5
2020,2015,GW1806-3-04,GW1806-3-04.06 ,5198.343949,0,0,5142.8
2020,2015,GW1806-3-04,GW1806-3-04.08 ,10017.55056,0,0,9998.6
2020,2015,GW1807-4-04,GW1807-4-04.02 ,26822.67335,0,0,15997.5
2020,2015,GW1807-4-04,GW1807-4-04.03 ,16400.90377,0,0,13063
2020,2015,GW1807-4-04,GW1807-4-04.07 ,15681.25628,0,0,15568.25
2020,2015,GW1807-4-11,GW1807-4-11.02 ,390.8901959,0,0,384
2020,2015,GW1807-4-11,GW1807-4-11.03 ,17644.24678,0,0,15439.4
2020,2015,GW1807-4-11,GW1807-4-11.04 ,352713.4107,0,0,312340.93
2020,2015,GW1807-8-02,GW1807-8-02.01 ,222366.9682,0,0,98658.03
2020,2015,GW1807-8-02,GW1807-8-02.02 ,7888.069846,0,0,7878.28
2020,2015,GW1807-8-02,GW1807-8-02.03 ,14744.62489,0,0,10880
2020,2015,GW1807-8-02,GW1807-8-02.04 ,40229.99894,0,0,39876.42
2020,2015,GW1807-8-02,GW1807-8-02.06 ,117895.1242,0,0,114682.01
2020,2015,GW1807-8-02,GW1807-8-02.07 ,6891.900803,0,0,6886.32
2020,2015,GW1807-8-02,GW1807-8-02.08 ,6107.195464,0,0,6107
2020,2015,GW1808-6-05,GW1808-6-05.01 ,4153,0,0,4097.04
2020,2015,GW1808-6-05,GW1808-6-05.02 ,832.7640494,0,0,737.55
2020,2015,GW1808-6-05,GW1808-6-05.03 ,234.8900842,0,0,232.65
2020,2015,GW1810-7-21,GW1810-7-21.01 ,164194.7833,0,0,162640
2020,2015,GW1810-7-21,GW1810-7-21.03 ,15300,0,0,15200
2020,2015,GW1810-7-21,GW1810-7-21.04 ,11884,0,0,11884
2020,2015,IMP1807246,GWR1807-8-01 ,6733,87,0,0
2020,2015,LK_BRYSA,CVP_SLNO,182146.7989,0,0,146711.3
2020,2015,Lk_CLEAR,XF1802013,305.62,87,0,305.25
2020,2015,Lk_Havasu,CRA_Whitsett,1000000,0,0,0
2020,2015,Lk_OrovilleSWP,SW1802SWP01,3492302,0,0,3988
2020,2015,LK_ShastaCVP,R_Sacramento,352321,0,0,0
2020,2015,LK_TrinityCVP,R_Sacramento,352321,0,0,0
2020,2015,R_American,R_Sacramento,100000,0,0,0
2020,2015,R_AmericanMFRK,R_AmericanNFRK,100000,0,0,0
2020,2015,R_AmericanNFRK,R_American,100000,0,0,0
2020,2015,R_AmericanNFRK,RES_Flsm,69077.01929,0,0,60941.5
2020,2015,R_AmericanSFRK,EDCWA_Lakes,2671.386952,0,0,2625
2020,2015,R_AmericanSFRK,R_American,100000,0,0,0
2020,2015,R_Calaveras,R_SanJoaquin,100000,0,0,0
2020,2015,R_CARMEL,GWR1806-3-04.08 ,706.8299841,0,0,0
2020,2015,R_Colorado,Lk_Havasu,1000000,0,0,0
2020,2015,R_COLORADO,SW_AAC,34516,87,0,0
2020,2015,R_Feather,R_Sacramento,2521429,0,0,0
2020,2015,R_Kings,XF1803019,16585.78444,87,0,16526.75
2020,2015,R_Mokelumn,R_SanJoaquin,100000,0,0,0
2020,2015,R_Mokelumn,RES1805031,151887.2727,0,0,150987.2
2020,2015,R_Mokelumn,XF1804062,3358.072949,0,0,3315
2020,2015,R_RUSSIAN,SW1801031,2446.354369,0,0,2310.98
2020,2015,R_Sacramento,SFBayDelta,2521429,0,0,0
2020,2015,R_SanJoaquin,SFBayDelta,100000,0,0,0
2020,2015,R_Stanislaus,R_SanJoaquin,100000,0,0,0
2020,2015,R_Stanislaus,RES_CVPNMEL,24000,0,0,0
2020,2015,R_Tuolumn,R_SanJoaquin,100000,0,0,0
2020,2015,R_Tuolumn,RES1805081,10000,0,0,0
2020,2015,RES_CACHM,CVP_CACHM,6207.13953,0,0,6148.49
2020,2015,RES_Flsm,CVP_Flsm,72047.39136,0,0,63891.5
2020,2015,RES_Jenk,CVP_SlPk,3713.508826,0,0,0
2020,2015,RES_MLRTN,SW_CVPFKC,73900.32193,0,0,73641.48
2020,2015,RES1805081,SW1805081SYS,7687,0,0,0
2020,2015,SFBayDelta,CVP_CCC,89666.72654,0,0,81900
2020,2015,SFBayDelta,CVP_SFBayDelta,352321,0,0,0
2020,2015,SFBayDelta,ECCIDXF,3770.600808,0,0,3444
2020,2015,SFBayDelta,SWP_SFBayDelta,2521429,0,0,0
2020,2015,Solano_ID,SolanoIDExp,104000,0,0,104000
2020,2015,SW_CRA_LkMthws,XF_CRAxAAC,62130.79059,0,0,17644
2020,2015,SW_CVP-DMC,SW_CVP-ONL,8613,251.64,0,8613
2020,2015,SW_CVP-DosAmigos,SW_CVP-Coalinga,11469,146.88,0,0
2020,2015,SW_CVP-Gianelli,SW_CVP-Pacheco,140323,387.01,0,0
2020,2015,SW_CVP-ONL,SW_CVP-DosAmigos,120241,63.72,0,487
2020,2015,SW_CVP-ONL,SW_CVP-Gianelli,8613,63.72,0,0
2020,2015,SW_CVP-Pacheco,SW_CVP-Coyot,120241,254.88,0,0
2020,2015,SW_CVP-Tracy,SW_CVP-CoTracy,120241,24.84,0,0
2020,2015,SW1802SWP01,SW1802SWP02,3492302,0,0,0
2020,2015,SW1802SWP01,SW1802SWP03,2750,0,0,2750
2020,2015,SW1802SWP02,R_Feather,3489552,0,0,968123
2020,2015,SW1802SWP04,SW1805SWP05,29311.48678,255.335,0,0
2020,2015,SW1803SWP11,SW1803SWP12,32722.03221,88.165,0,0
2020,2015,SW1803SWP12,SW1803SWP13,32722.03221,0,0,0
2020,2015,SW1803SWP13,SW1803SWP14,32722.03221,0,0,0
2020,2015,SW1803SWP14,SW1806SWP15,32722.03221,0,0,0
2020,2015,SW1803SWP16,SW1803SWP17,2338359.734,280.525,0,0
2020,2015,SW1803SWP17,SW1803SWP18,2338359.734,306.86,0,0
2020,2015,SW1803SWP18,GWR1803-5-27,205,0,0,0
2020,2015,SW1803SWP18,SW1803SWP19,2338052.075,714.48,0,0
2020,2015,SW1803SWP19,GWR1803-5-27,186.7743635,0,0,0
2020,2015,SW1803SWP19,SW1809SWP20,412493,2611.745,0,0
2020,2015,SW1803SWP19,SW1809SWP24,2337764.675,2611.745,0,352321
2020,2015,SW1804SWP06,SW1804SWP07,106915,338.92,0,0
2020,2015,SW1804SWP06,SW1804SWP09,2483695.533,338.92,0,0
2020,2015,SW1804SWP06,SW1804SWP10,2483695.533,338.92,0,0
2020,2015,SW1804SWP07,SW1805SWP08,58631.7155,965.235,0,0
2020,2015,SW1804SWP07,XF_BYRON,3876.791512,965.235,0,21.37936495
2020,2015,SW1804SWP10,SW1803SWP11,69562.34204,155.72,0,0
2020,2015,SW1804SWP10,SW1803SWP16,2413983.262,155.72,0,0
2020,2015,SW1805081EB,SW1805081PEN,296955.555,113.2,0,0
2020,2015,SW1805081SYS,SW1805081EB,11469,0.7,0,0
2020,2015,SW1805SWP05,SW1805SWP05a,29311.48678,422.505,0,0
2020,2015,SW1805SWP05,SW1805SWP05b,26787.56155,422.505,0,0
2020,2015,SW1805SWP05,SW1805SWP05c,9787.561547,422.505,0,0
2020,2015,SW1805SWP05a,SW1805SWP05axf,6502.842559,0,0,6399.349375
2020,2015,SW1805SWP05a,SW1805SWP05axf2,752.9088785,0,0,736.56
2020,2015,SW1805SWP08,GWR1805-2-09.01 ,25400,83.9285,447.7322835,0
2020,2015,SW1805SWP08,SWP_YBACRD,124.9188376,83.9285,224,0.688890649
2020,2015,SW1806SWP15,GWR1806-3-12,2131.123815,0,0,0
2020,2015,SW1806SWP15,SLO_Co_FCWCD,476.7737643,819.82,0,472.68
2020,2015,SW1807246,GWR1807-8-01 ,178000,10,0,0
2020,2015,SW1807SWP22,SW1807SWP23,352321,0,0,0
2020,2015,SW1807SWP26,GWR1807-4-23,1199.457651,0,0,0
2020,2015,SW1807SWP26,GWR1807-8-02.06 ,23967.02848,0,0,0
2020,2015,SW1807SWP26,SW1807SWP27,37585,0,0,0
2020,2015,SW1807SWP27,SW1807SWP28,37585,0,0,0
2020,2015,SW1807SWP28,SW1807SWP29,37585,680.13,0,0
2020,2015,SW1809SWP20,SW1809SWP21,410212,0,0,0
2020,2015,SW1809SWP21,SW1807SWP22,352321,312.585,0,0
2020,2015,SW1809SWP21,XF1807203,36521.07907,312.585,0,36400
2020,2015,SW1809SWP24,SW1809SWP25,770742,782.035,0,0
2020,2015,SW1809SWP25,SW1807SWP26,770742,0,0,0
2020,2015,SWP_SFBayDelta,SW1802SWP04,37733.46733,0,0,0
2020,2015,SWP_SFBayDelta,SW1804SWP06,2483695.533,0,0,0
2025,2015,CRA_EglMtn,CRA_Hinds,1000000,532.5650558,0,0
2025,2015,CRA_Gene,CRA_IronMtn,1000000,370.9591078,0,0
2025,2015,CRA_Hinds,SW_CRA_LkMthws,1000000,539.9107807,0,0
2025,2015,CRA_IronMtn,CRA_EglMtn,1000000,176.2973978,0,0
2025,2015,CRA_Whitsett,CRA_Gene,1000000,356.267658,0,0
2025,2015,CVP_SFBayDelta,SW_CVP-DMC,352321,0,0,0
2025,2015,CVP_SLNO,Solano_ID,130000,10,0,106600
2025,2015,GW1801-1-08,GW1801-1-08.01 ,185.7038043,0,0,185.7038043
2025,2015,GW1801-1-55,GW1801-1-55.01,2673.870321,0,0,2651.91
2025,2015,GW1802-5-21,GW1802-5-21.52 ,1527,0,0,1524.44
2025,2015,GW1802-5-21,GW1802-5-21.58 ,30963,0,0,30839.32
2025,2015,GW1802-5-21,GW1802-5-21.60 ,3009.308972,0,0,2990.92
2025,2015,GW1802-5-21,GW1802-5-21.61 ,3984,0,0,3952.8
2025,2015,GW1802-5-21,GW1802-5-21.62 ,2477.13395,0,0,2468.48
2025,2015,GW1802-5-21,GW1802-5-21.64 ,30381.33595,0,0,30153.15
2025,2015,GW1802-5-21,GW1802-5-21.65 ,51081.21945,0,0,47628.5
2025,2015,GW1802-5-21,GW1802-5-21.66 ,15965.93699,0,0,15932.88
2025,2015,GW1802-5-21,GW1802-5-21.67 ,7836.599004,0,0,7778.1
2025,2015,GW1803-5-22,GW1803-5-22.08 ,53093.84547,0,0,52680.96
2025,2015,GW1803-5-22,GW1803-5-22.11 ,67548,0,0,67316.33
2025,2015,GW1803-5-22,GW1803-5-22.12 ,27542,0,0,27376.1
2025,2015,GW1803-5-22,GW1803-5-22.14 ,63087.07075,0,0,62560.46
2025,2015,GW1803-5-22,GW1804-5-22.15 ,1847.816901,0,0,1825
2025,2015,GW1804-5-22,GW1804-5-22.01 ,30838.70747,0,0,30527.76
2025,2015,GW1804-5-22,GW1804-5-22.02 ,16037.07601,0,0,1509.674947
2025,2015,GW1804-5-22,GW1804-5-22.03 ,24471.05052,0,0,23101.18544
2025,2015,GW1804-5-22,GW1804-5-22.04 ,38063.00275,0,0,37683.36
2025,2015,GW1804-5-22,GW1804-5-22.06 ,19133,0,0,18928.08
2025,2015,GW1804-5-22,GW1804-5-22.07 ,19748.2391,0,0,18536.47962
2025,2015,GW1804-5-22,GW1804-5-22.15 ,7692.681735,0,0,7671.28
2025,2015,GW1805-2-02,GW1805-2-02.02 ,502.1471103,0,0,499.11
2025,2015,GW1805-2-09,GW1805-2-09.01 ,21107.08535,0,0,21107.08535
2025,2015,GW1805-2-09,GW1805-2-09.02 ,54982.15093,0,0,46531.52
2025,2015,GW1805-2-09,GW1805-2-09.03 ,1121.623523,0,0,1108.4
2025,2015,GW1806-3-03,GW1806-3-03.01 ,62096.36585,0,0,48303.88
2025,2015,GW1806-3-03,GW1806-3-03.04 ,1803.532115,0,0,1788.72
2025,2015,GW1806-3-04,GW1806-3-04.02 ,19134,0,0,19012.5
2025,2015,GW1806-3-04,GW1806-3-04.04 ,2847,0,0,2847
2025,2015,GW1806-3-04,GW1806-3-04.05 ,1979,0,0,1961.56
2025,2015,GW1806-3-04,GW1806-3-04.06 ,7438.80597,0,0,7360
2025,2015,GW1806-3-04,GW1806-3-04.08 ,10599.68783,0,0,10590.6
2025,2015,GW1807-4-04,GW1807-4-04.02 ,25945.74134,0,0,15269.31
2025,2015,GW1807-4-04,GW1807-4-04.03 ,16700,0,0,13396
2025,2015,GW1807-4-04,GW1807-4-04.07 ,16315.52293,0,0,16170.5
2025,2015,GW1807-4-11,GW1807-4-11.02 ,369.3299715,0,0,368
2025,2015,GW1807-4-11,GW1807-4-11.03 ,18316.7528,0,0,15462.66
2025,2015,GW1807-4-11,GW1807-4-11.04 ,359505.0112,0,0,316962.23
2025,2015,GW1807-8-02,GW1807-8-02.01 ,229777.7857,0,0,99953.6
2025,2015,GW1807-8-02,GW1807-8-02.02 ,8140.417727,0,0,8055.32
2025,2015,GW1807-8-02,GW1807-8-02.03 ,16008.29314,0,0,12054.5
2025,2015,GW1807-8-02,GW1807-8-02.04 ,47724.11439,0,0,47466.96
2025,2015,GW1807-8-02,GW1807-8-02.06 ,126635.3529,0,0,123395.5
2025,2015,GW1807-8-02,GW1807-8-02.07 ,7045.689284,0,0,7031.37
2025,2015,GW1807-8-02,GW1807-8-02.08 ,6170.198303,0,0,6169.7
2025,2015,GW1808-6-05,GW1808-6-05.01 ,3799,0,0,3715.92
2025,2015,GW1808-6-05,GW1808-6-05.02 ,845.7421904,0,0,750.96
2025,2015,GW1808-6-05,GW1808-6-05.03 ,281.8901013,0,0,279.18
2025,2015,GW1810-7-21,GW1810-7-21.01 ,168985.6549,0,0,167188
2025,2015,GW1810-7-21,GW1810-7-21.03 ,17200,0,0,17200
2025,2015,GW1810-7-21,GW1810-7-21.04 ,11094,0,0,11094
2025,2015,IMP1807246,GWR1807-8-01 ,6733,87,0,0
2025,2015,LK_BRYSA,CVP_SLNO,183638.1481,0,0,151495.02
2025,2015,Lk_CLEAR,XF1802013,311.4183124,87,0,309.75
2025,2015,Lk_Havasu,CRA_Whitsett,1000000,0,0,0
2025,2015,Lk_OrovilleSWP,SW1802SWP01,3492302,0,0,3988
2025,2015,LK_ShastaCVP,R_Sacramento,352321,0,0,0
2025,2015,LK_TrinityCVP,R_Sacramento,352321,0,0,0
2025,2015,R_American,R_Sacramento,100000,0,0,0
2025,2015,R_AmericanMFRK,R_AmericanNFRK,100000,0,0,0
2025,2015,R_AmericanNFRK,R_American,100000,0,0,0
2025,2015,R_AmericanNFRK,RES_Flsm,71574.52747,0,0,62359
2025,2015,R_AmericanSFRK,EDCWA_Lakes,3003.725284,0,0,3000
2025,2015,R_AmericanSFRK,R_American,100000,0,0,0
2025,2015,R_Calaveras,R_SanJoaquin,100000,0,0,0
2025,2015,R_CARMEL,GWR1806-3-04.08 ,740.3500522,0,0,0
2025,2015,R_Colorado,Lk_Havasu,1000000,0,0,0
2025,2015,R_COLORADO,SW_AAC,37861,87,0,0
2025,2015,R_Feather,R_Sacramento,2521429,0,0,0
2025,2015,R_Kings,XF1803019,17723.64066,87,0,17591.56
2025,2015,R_Mokelumn,R_SanJoaquin,100000,0,0,0
2025,2015,R_Mokelumn,RES1805031,144278.9744,0,0,143001.6
2025,2015,R_Mokelumn,XF1804062,6703.166923,0,0,6630
2025,2015,R_RUSSIAN,SW1801031,2570.478964,0,0,2476.05
2025,2015,R_Sacramento,SFBayDelta,2521429,0,0,0
2025,2015,R_SanJoaquin,SFBayDelta,100000,0,0,0
2025,2015,R_Stanislaus,R_SanJoaquin,100000,0,0,0
2025,2015,R_Stanislaus,RES_CVPNMEL,24000,0,0,0
2025,2015,R_Tuolumn,R_SanJoaquin,100000,0,0,0
2025,2015,R_Tuolumn,RES1805081,10000,0,0,0
2025,2015,RES_CACHM,CVP_CACHM,6143.814014,0,0,6068.58
2025,2015,RES_Flsm,CVP_Flsm,74836.24084,0,0,65609
2025,2015,RES_Jenk,CVP_SlPk,3951.111555,0,0,0
2025,2015,RES_MLRTN,SW_CVPFKC,89881.92306,0,0,89741.74
2025,2015,RES1805081,SW1805081SYS,7687,0,0,0
2025,2015,SFBayDelta,CVP_CCC,95716.36731,0,0,85800
2025,2015,SFBayDelta,CVP_SFBayDelta,352321,0,0,0
2025,2015,SFBayDelta,ECCIDXF,4024.995959,0,0,3608
2025,2015,SFBayDelta,SWP_SFBayDelta,2521429,0,0,0
2025,2015,Solano_ID,SolanoIDExp,106600,0,0,106600
2025,2015,SW_CRA_LkMthws,XF_CRAxAAC,60097.81163,0,0,16842
2025,2015,SW_CVP-DMC,SW_CVP-ONL,8613,251.64,0,8613
2025,2015,SW_CVP-DosAmigos,SW_CVP-Coalinga,11469,146.88,0,0
2025,2015,SW_CVP-Gianelli,SW_CVP-Pacheco,140323,387.01,0,0
2025,2015,SW_CVP-ONL,SW_CVP-DosAmigos,120241,63.72,0,487
2025,2015,SW_CVP-ONL,SW_CVP-Gianelli,8613,63.72,0,0
2025,2015,SW_CVP-Pacheco,SW_CVP-Coyot,120241,254.88,0,0
2025,2015,SW_CVP-Tracy,SW_CVP-CoTracy,120241,24.84,0,0
2025,2015,SW1802SWP01,SW1802SWP02,3492302,0,0,0
2025,2015,SW1802SWP01,SW1802SWP03,2750,0,0,2750
2025,2015,SW1802SWP02,R_Feather,3489552,0,0,968123
2025,2015,SW1802SWP04,SW1805SWP05,30401.21297,255.335,0,0
2025,2015,SW1803SWP11,SW1803SWP12,32060.67119,88.165,0,0
2025,2015,SW1803SWP12,SW1803SWP13,32060.67119,0,0,0
2025,2015,SW1803SWP13,SW1803SWP14,32060.67119,0,0,0
2025,2015,SW1803SWP14,SW1806SWP15,32060.67119,0,0,0
2025,2015,SW1803SWP16,SW1803SWP17,2330907.463,280.525,0,0
2025,2015,SW1803SWP17,SW1803SWP18,2330907.463,306.86,0,0
2025,2015,SW1803SWP18,GWR1803-5-27,205,0,0,0
2025,2015,SW1803SWP18,SW1803SWP19,2330568.186,714.48,0,0
2025,2015,SW1803SWP19,GWR1803-5-27,221.6768559,0,0,0
2025,2015,SW1803SWP19,SW1809SWP20,412493,2611.745,0,0
2025,2015,SW1803SWP19,SW1809SWP24,2329979.583,2611.745,0,352321
2025,2015,SW1804SWP06,SW1804SWP07,106915,338.92,0,0
2025,2015,SW1804SWP06,SW1804SWP09,2482855.97,338.92,0,0
2025,2015,SW1804SWP06,SW1804SWP10,2482855.97,338.92,0,0
2025,2015,SW1804SWP07,SW1805SWP08,56945.35078,965.235,0,0
2025,2015,SW1804SWP07,XF_BYRON,4012.194156,965.235,0,21.37936495
2025,2015,SW1804SWP10,SW1803SWP11,69874.30663,155.72,0,0
2025,2015,SW1804SWP10,SW1803SWP16,2413983.262,155.72,0,0
2025,2015,SW1805081EB,SW1805081PEN,296955.555,113.2,0,0
2025,2015,SW1805081SYS,SW1805081EB,11469,0.7,0,0
2025,2015,SW1805SWP05,SW1805SWP05a,30401.21297,422.505,0,0
2025,2015,SW1805SWP05,SW1805SWP05b,27844.04455,422.505,0,0
2025,2015,SW1805SWP05,SW1805SWP05c,9844.044549,422.505,0,0
2025,2015,SW1805SWP05a,SW1805SWP05axf,6518.220119,0,0,6399.349375
2025,2015,SW1805SWP05a,SW1805SWP05axf2,762.8256115,0,0,736.56
2025,2015,SW1805SWP08,GWR1805-2-09.01 ,25400,83.9285,447.7322835,0
2025,2015,SW1805SWP08,SWP_YBACRD,129.2818117,83.9285,224,0.688890649
2025,2015,SW1806SWP15,GWR1806-3-12,2173.425956,0,0,0
2025,2015,SW1806SWP15,SLO_Co_FCWCD,486.0453558,819.82,0,485.81
2025,2015,SW1807246,GWR1807-8-01 ,178000,10,0,0
2025,2015,SW1807SWP22,SW1807SWP23,352321,0,0,0
2025,2015,SW1807SWP26,GWR1807-4-23,1158.059333,0,0,0
2025,2015,SW1807SWP26,GWR1807-8-02.06 ,23694.93404,0,0,0
2025,2015,SW1807SWP26,SW1807SWP27,37585,0,0,0
2025,2015,SW1807SWP27,SW1807SWP28,37585,0,0,0
2025,2015,SW1807SWP28,SW1807SWP29,37585,680.13,0,0
2025,2015,SW1809SWP20,SW1809SWP21,410212,0,0,0
2025,2015,SW1809SWP21,SW1807SWP22,352321,312.585,0,0
2025,2015,SW1809SWP21,XF1807203,37739.28932,312.585,0,37600
2025,2015,SW1809SWP24,SW1809SWP25,770742,782.035,0,0
2025,2015,SW1809SWP25,SW1807SWP26,770742,0,0,0
2025,2015,SWP_SFBayDelta,SW1802SWP04,38573.02959,0,0,0
2025,2015,SWP_SFBayDelta,SW1804SWP06,2482855.97,0,0,0
2030,2015,CRA_EglMtn,CRA_Hinds,1000000,532.5650558,0,0
2030,2015,CRA_Gene,CRA_IronMtn,1000000,370.9591078,0,0
2030,2015,CRA_Hinds,SW_CRA_LkMthws,1000000,539.9107807,0,0
2030,2015,CRA_IronMtn,CRA_EglMtn,1000000,176.2973978,0,0
2030,2015,CRA_Whitsett,CRA_Gene,1000000,356.267658,0,0
2030,2015,CVP_SFBayDelta,SW_CVP-DMC,352321,0,0,0
2030,2015,CVP_SLNO,Solano_ID,130000,10,0,105300
2030,2015,GW1801-1-08,GW1801-1-08.01 ,193.5461957,0,0,193.5461957
2030,2015,GW1801-1-55,GW1801-1-55.01,2666.434325,0,0,2641
2030,2015,GW1802-5-21,GW1802-5-21.52 ,1547,0,0,1542.84
2030,2015,GW1802-5-21,GW1802-5-21.58 ,33577,0,0,33395.08
2030,2015,GW1802-5-21,GW1802-5-21.60 ,3021.089263,0,0,3001.04
2030,2015,GW1802-5-21,GW1802-5-21.61 ,4289,0,0,4282.2
2030,2015,GW1802-5-21,GW1802-5-21.62 ,2871.565027,0,0,2858.24
2030,2015,GW1802-5-21,GW1802-5-21.64 ,30903.65017,0,0,30497.89
2030,2015,GW1802-5-21,GW1802-5-21.65 ,51742.42389,0,0,48652.5
2030,2015,GW1802-5-21,GW1802-5-21.66 ,17278.59509,0,0,17269.87
2030,2015,GW1802-5-21,GW1802-5-21.67 ,8353.772893,0,0,8350.3
2030,2015,GW1803-5-22,GW1803-5-22.08 ,63590.7616,0,0,63103.13
2030,2015,GW1803-5-22,GW1803-5-22.11 ,77832,0,0,77565.49
2030,2015,GW1803-5-22,GW1803-5-22.12 ,31167,0,0,31167
2030,2015,GW1803-5-22,GW1803-5-22.14 ,76136.07098,0,0,75777.11
2030,2015,GW1803-5-22,GW1804-5-22.15 ,1963.90411,0,0,1950
2030,2015,GW1804-5-22,GW1804-5-22.01 ,32420.16152,0,0,32163.24
2030,2015,GW1804-5-22,GW1804-5-22.02 ,22316.6605,0,0,3675.730305
2030,2015,GW1804-5-22,GW1804-5-22.03 ,31297.20606,0,0,29365.6515
2030,2015,GW1804-5-22,GW1804-5-22.04 ,44266.00344,0,0,43824.33
2030,2015,GW1804-5-22,GW1804-5-22.06 ,22396,0,0,22155.44
2030,2015,GW1804-5-22,GW1804-5-22.07 ,23592.92313,0,0,22182.7882
2030,2015,GW1804-5-22,GW1804-5-22.15 ,8210.486611,0,0,8199.48
2030,2015,GW1805-2-02,GW1805-2-02.02 ,361.5163551,0,0,361.08
2030,2015,GW1805-2-09,GW1805-2-09.01 ,21935.58776,0,0,21935.58776
2030,2015,GW1805-2-09,GW1805-2-09.02 ,58787.01599,0,0,50388.3
2030,2015,GW1805-2-09,GW1805-2-09.03 ,1197.818547,0,0,1189.9
2030,2015,GW1806-3-03,GW1806-3-03.01 ,64616,0,0,50949.1
2030,2015,GW1806-3-03,GW1806-3-03.04 ,2056,0,0,2056
2030,2015,GW1806-3-04,GW1806-3-04.02 ,20389,0,0,20253.6
2030,2015,GW1806-3-04,GW1806-3-04.04 ,3110,0,0,3110
2030,2015,GW1806-3-04,GW1806-3-04.05 ,2192,0,0,2178.72
2030,2015,GW1806-3-04,GW1806-3-04.06 ,7438.80597,0,0,7360
2030,2015,GW1806-3-04,GW1806-3-04.08 ,11257.23396,0,0,11247.52
2030,2015,GW1807-4-04,GW1807-4-04.02 ,26044.16716,0,0,15224.76
2030,2015,GW1807-4-04,GW1807-4-04.03 ,16700,0,0,13452
2030,2015,GW1807-4-04,GW1807-4-04.07 ,17392.3125,0,0,17319.75
2030,2015,GW1807-4-11,GW1807-4-11.02 ,393.4614882,0,0,392
2030,2015,GW1807-4-11,GW1807-4-11.03 ,18612.6139,0,0,15803.86
2030,2015,GW1807-4-11,GW1807-4-11.04 ,360012.6341,0,0,315948.36
2030,2015,GW1807-8-02,GW1807-8-02.01 ,236948.3967,0,0,101780.6
2030,2015,GW1807-8-02,GW1807-8-02.02 ,8420.638648,0,0,8409.4
2030,2015,GW1807-8-02,GW1807-8-02.03 ,17009.46522,0,0,12972.5
2030,2015,GW1807-8-02,GW1807-8-02.04 ,53476.56996,0,0,53154.76
2030,2015,GW1807-8-02,GW1807-8-02.06 ,136740.9175,0,0,133323.04
2030,2015,GW1807-8-02,GW1807-8-02.07 ,6768.509292,0,0,6726.08
2030,2015,GW1807-8-02,GW1807-8-02.08 ,5988.937319,0,0,5987.4
2030,2015,GW1808-6-05,GW1808-6-05.01 ,3887,0,0,3811.2
2030,2015,GW1808-6-05,GW1808-6-05.02 ,858.7203314,0,0,750.96
2030,2015,GW1808-6-05,GW1808-6-05.03 ,338,0,0,338
2030,2015,GW1810-7-21,GW1810-7-21.01 ,175741.278,0,0,174118
2030,2015,GW1810-7-21,GW1810-7-21.03 ,19200,0,0,19200
2030,2015,GW1810-7-21,GW1810-7-21.04 ,10304,0,0,10304
2030,2015,IMP1807246,GWR1807-8-01 ,6733,87,0,0
2030,2015,LK_BRYSA,CVP_SLNO,185043.7905,0,0,150994.66
2030,2015,Lk_CLEAR,XF1802013,316.1130742,87,0,315
2030,2015,Lk_Havasu,CRA_Whitsett,1000000,0,0,0
2030,2015,Lk_OrovilleSWP,SW1802SWP01,3492302,0,0,3988
2030,2015,LK_ShastaCVP,R_Sacramento,352321,0,0,0
2030,2015,LK_TrinityCVP,R_Sacramento,352321,0,0,0
2030,2015,R_American,R_Sacramento,100000,0,0,0
2030,2015,R_AmericanMFRK,R_AmericanNFRK,100000,0,0,0
2030,2015,R_AmericanNFRK,R_American,100000,0,0,0
2030,2015,R_AmericanNFRK,RES_Flsm,73848.19251,0,0,64670
2030,2015,R_AmericanSFRK,EDCWA_Lakes,3187.81062,0,0,3150
2030,2015,R_AmericanSFRK,R_American,100000,0,0,0
2030,2015,R_Calaveras,R_SanJoaquin,100000,0,0,0
2030,2015,R_CARMEL,GWR1806-3-04.08 ,759.1385179,0,0,0
2030,2015,R_Colorado,Lk_Havasu,1000000,0,0,0
2030,2015,R_COLORADO,SW_AAC,41366,87,0,0
2030,2015,R_Feather,R_Sacramento,2521429,0,0,0
2030,2015,R_Kings,XF1803019,21241.41982,87,0,21210.1
2030,2015,R_Mokelumn,R_SanJoaquin,100000,0,0,0
2030,2015,R_Mokelumn,RES1805031,138589.193,0,0,138499.2
2030,2015,R_Mokelumn,XF1804062,7192.228312,0,0,7150
2030,2015,R_RUSSIAN,SW1801031,2701.673948,0,0,2641.12
2030,2015,R_Sacramento,SFBayDelta,2521429,0,0,0
2030,2015,R_SanJoaquin,SFBayDelta,100000,0,0,0
2030,2015,R_Stanislaus,R_SanJoaquin,100000,0,0,0
2030,2015,R_Stanislaus,RES_CVPNMEL,24000,0,0,0
2030,2015,R_Tuolumn,R_SanJoaquin,100000,0,0,0
2030,2015,R_Tuolumn,RES1805081,10000,0,0,0
2030,2015,RES_CACHM,CVP_CACHM,6064.794193,0,0,6045.82
2030,2015,RES_Flsm,CVP_Flsm,77287.55861,0,0,68070
2030,2015,RES_Jenk,CVP_SlPk,4185.503392,0,0,0
2030,2015,RES_MLRTN,SW_CVPFKC,96626.77073,0,0,96333.87
2030,2015,RES1805081,SW1805081SYS,7687,0,0,0
2030,2015,SFBayDelta,CVP_CCC,103030.3996,0,0,87750
2030,2015,SFBayDelta,CVP_SFBayDelta,352321,0,0,0
2030,2015,SFBayDelta,ECCIDXF,4332.560395,0,0,3690
2030,2015,SFBayDelta,SWP_SFBayDelta,2521429,0,0,0
2030,2015,Solano_ID,SolanoIDExp,105300,0,0,105300
2030,2015,SW_CRA_LkMthws,XF_CRAxAAC,58951.82805,0,0,16040
2030,2015,SW_CVP-DMC,SW_CVP-ONL,8613,251.64,0,8613
2030,2015,SW_CVP-DosAmigos,SW_CVP-Coalinga,11469,146.88,0,0
2030,2015,SW_CVP-Gianelli,SW_CVP-Pacheco,140323,387.01,0,0
2030,2015,SW_CVP-ONL,SW_CVP-DosAmigos,120241,63.72,0,487
2030,2015,SW_CVP-ONL,SW_CVP-Gianelli,8613,63.72,0,0
2030,2015,SW_CVP-Pacheco,SW_CVP-Coyot,120241,254.88,0,0
2030,2015,SW_CVP-Tracy,SW_CVP-CoTracy,120241,24.84,0,0
2030,2015,SW1802SWP01,SW1802SWP02,3492302,0,0,0
2030,2015,SW1802SWP01,SW1802SWP03,2750,0,0,2750
2030,2015,SW1802SWP02,R_Feather,3489552,0,0,968123
2030,2015,SW1802SWP04,SW1805SWP05,31504.78883,255.335,0,0
2030,2015,SW1803SWP11,SW1803SWP12,32450.19271,88.165,0,0
2030,2015,SW1803SWP12,SW1803SWP13,32450.19271,0,0,0
2030,2015,SW1803SWP13,SW1803SWP14,32450.19271,0,0,0
2030,2015,SW1803SWP14,SW1806SWP15,32450.19271,0,0,0
2030,2015,SW1803SWP16,SW1803SWP17,2325403.4,280.525,0,0
2030,2015,SW1803SWP17,SW1803SWP18,2325403.4,306.86,0,0
2030,2015,SW1803SWP18,GWR1803-5-27,205,0,0,0
2030,2015,SW1803SWP18,SW1803SWP19,2325030.536,714.48,0,0
2030,2015,SW1803SWP19,GWR1803-5-27,242.2297443,0,0,0
2030,2015,SW1803SWP19,SW1809SWP20,412493,2611.745,0,0
2030,2015,SW1803SWP19,SW1809SWP24,2324251.471,2611.745,0,352321
2030,2015,SW1804SWP06,SW1804SWP07,106915,338.92,0,0
2030,2015,SW1804SWP06,SW1804SWP09,2481996.004,338.92,0,0
2030,2015,SW1804SWP06,SW1804SWP10,2481996.004,338.92,0,0
2030,2015,SW1804SWP07,SW1805SWP08,55096.5873,965.235,0,0
2030,2015,SW1804SWP07,XF_BYRON,4171.428571,965.235,0,21.42857143
2030,2015,SW1804SWP10,SW1803SWP11,71491.89761,155.72,0,0
2030,2015,SW1804SWP10,SW1803SWP16,2413983.262,155.72,0,0
2030,2015,SW1805081EB,SW1805081PEN,296955.555,113.2,0,0
2030,2015,SW1805081SYS,SW1805081EB,11469,0.7,0,0
2030,2015,SW1805SWP05,SW1805SWP05a,31504.78883,422.505,0,0
2030,2015,SW1805SWP05,SW1805SWP05b,28910.79719,422.505,0,0
2030,2015,SW1805SWP05,SW1805SWP05c,9910.797186,422.505,0,0
2030,2015,SW1805SWP05a,SW1805SWP05axf,6535.253724,0,0,6446.939375
2030,2015,SW1805SWP05a,SW1805SWP05axf2,773.8103003,0,0,767.25
2030,2015,SW1805SWP08,GWR1805-2-09.01 ,25400,83.9285,447.7322835,0
2030,2015,SW1806SWP15,GWR1806-3-12,2178.086626,0,0,0
2030,2015,SW1806SWP15,SLO_Co_FCWCD,502.4489408,819.82,0,498.94
2030,2015,SW1807246,GWR1807-8-01 ,178000,10,0,0
2030,2015,SW1807SWP22,SW1807SWP23,352321,0,0,0
2030,2015,SW1807SWP26,GWR1807-4-23,1292.504822,0,0,0
2030,2015,SW1807SWP26,GWR1807-8-02.06 ,21157.81667,0,0,0
2030,2015,SW1807SWP26,SW1807SWP27,37585,0,0,0
2030,2015,SW1807SWP27,SW1807SWP28,37585,0,0,0
2030,2015,SW1807SWP28,SW1807SWP29,37585,680.13,0,0
2030,2015,SW1809SWP20,SW1809SWP21,410212,0,0,0
2030,2015,SW1809SWP21,SW1807SWP22,352321,312.585,0,0
2030,2015,SW1809SWP21,XF1807203,38241.14615,312.585,0,38000
2030,2015,SW1809SWP24,SW1809SWP25,770742,782.035,0,0
2030,2015,SW1809SWP25,SW1807SWP26,770742,0,0,0
2030,2015,SWP_SFBayDelta,SW1802SWP04,39432.99643,0,0,0
2030,2015,SWP_SFBayDelta,SW1804SWP06,2481996.004,0,0,0
2035,2015,CRA_EglMtn,CRA_Hinds,1000000,532.5650558,0,0
2035,2015,CRA_Gene,CRA_IronMtn,1000000,370.9591078,0,0
2035,2015,CRA_Hinds,SW_CRA_LkMthws,1000000,539.9107807,0,0
2035,2015,CRA_IronMtn,CRA_EglMtn,1000000,176.2973978,0,0
2035,2015,CRA_Whitsett,CRA_Gene,1000000,356.267658,0,0
2035,2015,CVP_SFBayDelta,SW_CVP-DMC,352321,0,0,0
2035,2015,CVP_SLNO,Solano_ID,130000,10,0,106600
2035,2015,GW1801-1-08,GW1801-1-08.01 ,193.5461957,0,0,193.5461957
2035,2015,GW1801-1-55,GW1801-1-55.01,2571.44139,0,0,2564.8
2035,2015,GW1802-5-21,GW1802-5-21.52 ,1567,0,0,1561.24
2035,2015,GW1802-5-21,GW1802-5-21.58 ,36413,0,0,36158.76
2035,2015,GW1802-5-21,GW1802-5-21.60 ,3033.823831,0,0,3013
2035,2015,GW1802-5-21,GW1802-5-21.61 ,4616,0,0,4611.6
2035,2015,GW1802-5-21,GW1802-5-21.62 ,3248,0,0,3248
2035,2015,GW1802-5-21,GW1802-5-21.64 ,31555.39218,0,0,31270.51
2035,2015,GW1802-5-21,GW1802-5-21.65 ,52325.39872,0,0,50550.5
2035,2015,GW1802-5-21,GW1802-5-21.66 ,18264.07067,0,0,18242.68
2035,2015,GW1802-5-21,GW1802-5-21.67 ,7776.180559,0,0,7769.8
2035,2015,GW1803-5-22,GW1803-5-22.08 ,76315.22198,0,0,75880.93
2035,2015,GW1803-5-22,GW1803-5-22.11 ,89665,0,0,89355.72
2035,2015,GW1803-5-22,GW1803-5-22.12 ,33970,0,0,33970
2035,2015,GW1803-5-22,GW1803-5-22.14 ,87096.05606,0,0,86737.47
2035,2015,GW1803-5-22,GW1804-5-22.15 ,1963.90411,0,0,1950
2035,2015,GW1804-5-22,GW1804-5-22.01 ,33166.48241,0,0,33026.98
2035,2015,GW1804-5-22,GW1804-5-22.02 ,29142.21162,0,0,6855.528744
2035,2015,GW1804-5-22,GW1804-5-22.03 ,38979.87162,0,0,36829.15097
2035,2015,GW1804-5-22,GW1804-5-22.04 ,44266.00344,0,0,43824.33
2035,2015,GW1804-5-22,GW1804-5-22.06 ,26217,0,0,25935.72
2035,2015,GW1804-5-22,GW1804-5-22.07 ,28276.88352,0,0,26902.48029
2035,2015,GW1804-5-22,GW1804-5-22.15 ,8625.052585,0,0,8596.47
2035,2015,GW1805-2-02,GW1805-2-02.02 ,145.1877934,0,0,145
2035,2015,GW1805-2-09,GW1805-2-09.01 ,24500,0,0,24500
2035,2015,GW1805-2-09,GW1805-2-09.02 ,62274.13027,0,0,54661.88
2035,2015,GW1805-2-09,GW1805-2-09.03 ,1197.818547,0,0,1189.9
2035,2015,GW1806-3-03,GW1806-3-03.01 ,64616,0,0,52305.1
2035,2015,GW1806-3-03,GW1806-3-03.04 ,2056,0,0,2056
2035,2015,GW1806-3-04,GW1806-3-04.02 ,21733,0,0,21585.6
2035,2015,GW1806-3-04,GW1806-3-04.05 ,2432,0,0,2421.69
2035,2015,GW1806-3-04,GW1806-3-04.06 ,7438.80597,0,0,7360
2035,2015,GW1806-3-04,GW1806-3-04.08 ,11257.23396,0,0,11247.52
2035,2015,GW1807-4-04,GW1807-4-04.02 ,26219.41423,0,0,15515.26
2035,2015,GW1807-4-04,GW1807-4-04.03 ,16548.63724,0,0,11100
2035,2015,GW1807-4-04,GW1807-4-04.07 ,17829.39057,0,0,17779.5
2035,2015,GW1807-4-11,GW1807-4-11.02 ,416.9807868,0,0,416
2035,2015,GW1807-4-11,GW1807-4-11.03 ,19712.48623,0,0,16243.46
2035,2015,GW1807-4-11,GW1807-4-11.04 ,364335.9257,0,0,318930.84
2035,2015,GW1807-8-02,GW1807-8-02.01 ,248840.2091,0,0,103666.94
2035,2015,GW1807-8-02,GW1807-8-02.02 ,8672.688422,0,0,8586.44
2035,2015,GW1807-8-02,GW1807-8-02.03 ,18688.47137,0,0,14607
2035,2015,GW1807-8-02,GW1807-8-02.04 ,58761.90376,0,0,58424.13
2035,2015,GW1807-8-02,GW1807-8-02.06 ,147434.8619,0,0,144138.75
2035,2015,GW1807-8-02,GW1807-8-02.07 ,6863.477062,0,0,6832.24
2035,2015,GW1807-8-02,GW1807-8-02.08 ,5907.204371,0,0,5906.1
2035,2015,GW1808-6-05,GW1808-6-05.01 ,3984,0,0,3906.48
2035,2015,GW1808-6-05,GW1808-6-05.02 ,858.7203314,0,0,858.24
2035,2015,GW1808-6-05,GW1808-6-05.03 ,338,0,0,338
2035,2015,GW1810-7-21,GW1810-7-21.01 ,174699.8067,0,0,172878
2035,2015,GW1810-7-21,GW1810-7-21.03 ,21000,0,0,20800
2035,2015,GW1810-7-21,GW1810-7-21.04 ,10314,0,0,10314
2035,2015,IMP1807246,GWR1807-8-01 ,6733,87,0,0
2035,2015,LK_BRYSA,CVP_SLNO,185526.9046,0,0,153285.52
2035,2015,Lk_CLEAR,XF1802013,320.8069565,87,0,320.25
2035,2015,Lk_Havasu,CRA_Whitsett,1000000,0,0,0
2035,2015,Lk_OrovilleSWP,SW1802SWP01,3492302,0,0,3988
2035,2015,LK_ShastaCVP,R_Sacramento,352321,0,0,0
2035,2015,LK_TrinityCVP,R_Sacramento,352321,0,0,0
2035,2015,R_American,R_Sacramento,100000,0,0,0
2035,2015,R_AmericanMFRK,R_AmericanNFRK,100000,0,0,0
2035,2015,R_AmericanNFRK,R_American,100000,0,0,0
2035,2015,R_AmericanNFRK,RES_Flsm,77241.26782,0,0,69170.5
2035,2015,R_AmericanSFRK,EDCWA_Lakes,4010.528381,0,0,3975
2035,2015,R_AmericanSFRK,R_American,100000,0,0,0
2035,2015,R_Calaveras,R_SanJoaquin,100000,0,0,0
2035,2015,R_CARMEL,GWR1806-3-04.08 ,759.1385179,0,0,0
2035,2015,R_Colorado,Lk_Havasu,1000000,0,0,0
2035,2015,R_COLORADO,SW_AAC,41483,87,0,0
2035,2015,R_Feather,R_Sacramento,2521429,0,0,0
2035,2015,R_Kings,XF1803019,23582.51774,87,0,23356.5
2035,2015,R_Mokelumn,R_SanJoaquin,100000,0,0,0
2035,2015,R_Mokelumn,RES1805031,133583.3333,0,0,133369.6
2035,2015,R_Mokelumn,XF1804062,7192.228312,0,0,7150
2035,2015,R_RUSSIAN,SW1801031,2701.673948,0,0,2641.12
2035,2015,R_Sacramento,SFBayDelta,2521429,0,0,0
2035,2015,R_SanJoaquin,SFBayDelta,100000,0,0,0
2035,2015,R_Stanislaus,R_SanJoaquin,100000,0,0,0
2035,2015,R_Stanislaus,RES_CVPNMEL,24000,0,0,24000
2035,2015,R_Tuolumn,R_SanJoaquin,100000,0,0,0
2035,2015,R_Tuolumn,RES1805081,10000,0,0,0
2035,2015,RES_CACHM,CVP_CACHM,6303.474851,0,0,6265.3
2035,2015,RES_Flsm,CVP_Flsm,80778.13047,0,0,72670.5
2035,2015,RES_Jenk,CVP_SlPk,4513.118318,0,0,0
2035,2015,RES_MLRTN,SW_CVPFKC,103526.7772,0,0,103423.55
2035,2015,RES1805081,SW1805081SYS,7687,0,0,0
2035,2015,SFBayDelta,CVP_CCC,106049.5285,0,0,89700
2035,2015,SFBayDelta,CVP_SFBayDelta,352321,0,0,0
2035,2015,SFBayDelta,ECCIDXF,4459.518635,0,0,3772
2035,2015,SFBayDelta,SWP_SFBayDelta,2521429,0,0,0
2035,2015,Solano_ID,SolanoIDExp,106600,0,0,106600
2035,2015,SW_CRA_LkMthws,XF_CRAxAAC,57998.22265,0,0,16040
2035,2015,SW_CVP-DMC,SW_CVP-ONL,8613,251.64,0,8613
2035,2015,SW_CVP-DosAmigos,SW_CVP-Coalinga,11469,146.88,0,0
2035,2015,SW_CVP-Gianelli,SW_CVP-Pacheco,140323,387.01,0,0
2035,2015,SW_CVP-ONL,SW_CVP-DosAmigos,120241,63.72,0,487
2035,2015,SW_CVP-ONL,SW_CVP-Gianelli,8613,63.72,0,0
2035,2015,SW_CVP-Pacheco,SW_CVP-Coyot,120241,254.88,0,0
2035,2015,SW_CVP-Tracy,SW_CVP-CoTracy,120241,24.84,0,0
2035,2015,SW1802SWP01,SW1802SWP02,3492302,0,0,0
2035,2015,SW1802SWP01,SW1802SWP03,2750,0,0,2750
2035,2015,SW1802SWP02,R_Feather,3489552,0,0,968123
2035,2015,SW1802SWP04,SW1805SWP05,31676.70284,255.335,0,0
2035,2015,SW1803SWP11,SW1803SWP12,32307.4704,88.165,0,0
2035,2015,SW1803SWP12,SW1803SWP13,32307.4704,0,0,0
2035,2015,SW1803SWP13,SW1803SWP14,32307.4704,0,0,0
2035,2015,SW1803SWP14,SW1806SWP15,32307.4704,0,0,0
2035,2015,SW1803SWP16,SW1803SWP17,2304461.201,280.525,0,0
2035,2015,SW1803SWP17,SW1803SWP18,2304461.201,306.86,0,0
2035,2015,SW1803SWP18,GWR1803-5-27,205,0,0,0
2035,2015,SW1803SWP18,SW1803SWP19,2304049.271,714.48,0,0
2035,2015,SW1803SWP19,GWR1803-5-27,270.3958197,0,0,0
2035,2015,SW1803SWP19,SW1809SWP20,412493,2611.745,0,0
2035,2015,SW1803SWP19,SW1809SWP24,2303047.082,2611.745,0,352321
2035,2015,SW1804SWP06,SW1804SWP07,106915,338.92,0,0
2035,2015,SW1804SWP06,SW1804SWP09,2482042.751,338.92,0,0
2035,2015,SW1804SWP06,SW1804SWP10,2482042.751,338.92,0,0
2035,2015,SW1804SWP07,SW1805SWP08,51015,965.235,0,0
2035,2015,SW1804SWP07,XF_BYRON,4500,965.235,0,21.42857143
2035,2015,SW1804SWP10,SW1803SWP11,72135.96319,155.72,0,0
2035,2015,SW1804SWP10,SW1803SWP16,2413983.262,155.72,0,0
2035,2015,SW1805081EB,SW1805081PEN,296955.555,113.2,0,0
2035,2015,SW1805081SYS,SW1805081EB,11469,0.7,0,0
2035,2015,SW1805SWP05,SW1805SWP05a,31676.70284,422.505,0,0
2035,2015,SW1805SWP05,SW1805SWP05b,29057.13951,422.505,0,0
2035,2015,SW1805SWP05,SW1805SWP05c,10057.13951,422.505,0,0
2035,2015,SW1805SWP05a,SW1805SWP05axf,6547.082616,0,0,6446.939375
2035,2015,SW1805SWP05a,SW1805SWP05axf2,781.4385564,0,0,767.25
2035,2015,SW1805SWP08,GWR1805-2-09.01 ,25400,83.9285,447.7322835,0
2035,2015,SW1806SWP15,GWR1806-3-12,2160.582665,0,0,0
2035,2015,SW1806SWP15,SLO_Co_FCWCD,517.7827268,819.82,0,512.07
2035,2015,SW1807246,GWR1807-8-01 ,178000,10,0,0
2035,2015,SW1807SWP22,SW1807SWP23,352321,0,0,0
2035,2015,SW1807SWP26,GWR1807-4-23,1292.504822,0,0,0
2035,2015,SW1807SWP26,GWR1807-8-02.06 ,21127.78754,0,0,0
2035,2015,SW1807SWP26,SW1807SWP27,37585,0,0,0
2035,2015,SW1807SWP27,SW1807SWP28,37585,0,0,0
2035,2015,SW1807SWP28,SW1807SWP29,37585,680.13,0,0
2035,2015,SW1809SWP20,SW1809SWP21,410212,0,0,0
2035,2015,SW1809SWP21,SW1807SWP22,352321,312.585,0,0
2035,2015,SW1809SWP21,XF1807203,38658.301,312.585,0,38400
2035,2015,SW1809SWP24,SW1809SWP25,770742,782.035,0,0
2035,2015,SW1809SWP25,SW1807SWP26,770742,0,0,0
2035,2015,SWP_SFBayDelta,SW1802SWP04,39386.2494,0,0,0
2035,2015,SWP_SFBayDelta,SW1804SWP06,2482042.751,0,0,0
2040,2015,CRA_EglMtn,CRA_Hinds,1000000,532.5650558,0,0
2040,2015,CRA_Gene,CRA_IronMtn,1000000,370.9591078,0,0
2040,2015,CRA_Hinds,SW_CRA_LkMthws,1000000,539.9107807,0,0
2040,2015,CRA_IronMtn,CRA_EglMtn,1000000,176.2973978,0,0
2040,2015,CRA_Whitsett,CRA_Gene,1000000,356.267658,0,0
2040,2015,CVP_SFBayDelta,SW_CVP-DMC,352321,0,0,0
2040,2015,CVP_SLNO,Solano_ID,130000,10,0,106600
2040,2015,GW1801-1-08,GW1801-1-08.01 ,193.5461957,0,0,193.5461957
2040,2015,GW1801-1-55,GW1801-1-55.01,2571.44139,0,0,2564.8
2040,2015,GW1802-5-21,GW1802-5-21.52 ,1567,0,0,1561.24
2040,2015,GW1802-5-21,GW1802-5-21.58 ,36413,0,0,36158.76
2040,2015,GW1802-5-21,GW1802-5-21.60 ,3033.823831,0,0,3013
2040,2015,GW1802-5-21,GW1802-5-21.61 ,4616,0,0,4611.6
2040,2015,GW1802-5-21,GW1802-5-21.62 ,3248,0,0,3248
2040,2015,GW1802-5-21,GW1802-5-21.64 ,31555.39218,0,0,31270.51
2040,2015,GW1802-5-21,GW1802-5-21.65 ,52325.39872,0,0,50550.5
2040,2015,GW1802-5-21,GW1802-5-21.66 ,18264.07067,0,0,18242.68
2040,2015,GW1802-5-21,GW1802-5-21.67 ,7776.180559,0,0,7769.8
2040,2015,GW1803-5-22,GW1803-5-22.08 ,76315.22198,0,0,75880.93
2040,2015,GW1803-5-22,GW1803-5-22.11 ,89665,0,0,89355.72
2040,2015,GW1803-5-22,GW1803-5-22.12 ,33970,0,0,33970
2040,2015,GW1803-5-22,GW1803-5-22.14 ,87096.05606,0,0,86737.47
2040,2015,GW1803-5-22,GW1804-5-22.15 ,1963.90411,0,0,1950
2040,2015,GW1804-5-22,GW1804-5-22.01 ,33166.48241,0,0,33026.98
2040,2015,GW1804-5-22,GW1804-5-22.02 ,29142.21162,0,0,6855.528744
2040,2015,GW1804-5-22,GW1804-5-22.03 ,38979.87162,0,0,36829.15097
2040,2015,GW1804-5-22,GW1804-5-22.04 ,44266.00344,0,0,43824.33
2040,2015,GW1804-5-22,GW1804-5-22.06 ,26217,0,0,25935.72
2040,2015,GW1804-5-22,GW1804-5-22.07 ,28276.88352,0,0,26902.48029
2040,2015,GW1804-5-22,GW1804-5-22.15 ,8625.052585,0,0,8596.47
2040,2015,GW1805-2-02,GW1805-2-02.02 ,145.1877934,0,0,145
2040,2015,GW1805-2-09,GW1805-2-09.01 ,24500,0,0,24500
2040,2015,GW1805-2-09,GW1805-2-09.02 ,62274.13027,0,0,54661.88
2040,2015,GW1805-2-09,GW1805-2-09.03 ,1197.818547,0,0,1189.9
2040,2015,GW1806-3-03,GW1806-3-03.01 ,64616,0,0,52305.1
2040,2015,GW1806-3-03,GW1806-3-03.04 ,2056,0,0,2056
2040,2015,GW1806-3-04,GW1806-3-04.02 ,21733,0,0,21585.6
2040,2015,GW1806-3-04,GW1806-3-04.05 ,2432,0,0,2421.69
2040,2015,GW1806-3-04,GW1806-3-04.06 ,7438.80597,0,0,7360
2040,2015,GW1806-3-04,GW1806-3-04.08 ,11257.23396,0,0,11247.52
2040,2015,GW1807-4-04,GW1807-4-04.02 ,26219.41423,0,0,15515.26
2040,2015,GW1807-4-04,GW1807-4-04.03 ,16548.63724,0,0,11100
2040,2015,GW1807-4-04,GW1807-4-04.07 ,17829.39057,0,0,17779.5
2040,2015,GW1807-4-11,GW1807-4-11.02 ,416.9807868,0,0,416
2040,2015,GW1807-4-11,GW1807-4-11.03 ,19712.48623,0,0,16243.46
2040,2015,GW1807-4-11,GW1807-4-11.04 ,364335.9257,0,0,318930.84
2040,2015,GW1807-8-02,GW1807-8-02.01 ,248840.2091,0,0,103666.94
2040,2015,GW1807-8-02,GW1807-8-02.02 ,8672.688422,0,0,8586.44
2040,2015,GW1807-8-02,GW1807-8-02.03 ,18688.47137,0,0,14607
2040,2015,GW1807-8-02,GW1807-8-02.04 ,58761.90376,0,0,58424.13
2040,2015,GW1807-8-02,GW1807-8-02.06 ,147434.8619,0,0,144138.75
2040,2015,GW1807-8-02,GW1807-8-02.07 ,6863.477062,0,0,6832.24
2040,2015,GW1807-8-02,GW1807-8-02.08 ,5907.204371,0,0,5906.1
2040,2015,GW1808-6-05,GW1808-6-05.01 ,3984,0,0,3906.48
2040,2015,GW1808-6-05,GW1808-6-05.02 ,858.7203314,0,0,858.24
2040,2015,GW1808-6-05,GW1808-6-05.03 ,338,0,0,338
2040,2015,GW1810-7-21,GW1810-7-21.01 ,174699.8067,0,0,172878
2040,2015,GW1810-7-21,GW1810-7-21.03 ,21000,0,0,20800
2040,2015,GW1810-7-21,GW1810-7-21.04 ,10314,0,0,10314
2040,2015,IMP1807246,GWR1807-8-01 ,6733,87,0,0
2040,2015,LK_BRYSA,CVP_SLNO,185526.9046,0,0,153285.52
2040,2015,Lk_CLEAR,XF1802013,320.8069565,87,0,320.25
2040,2015,Lk_Havasu,CRA_Whitsett,1000000,0,0,0
2040,2015,Lk_OrovilleSWP,SW1802SWP01,3492302,0,0,3988
2040,2015,LK_ShastaCVP,R_Sacramento,352321,0,0,0
2040,2015,LK_TrinityCVP,R_Sacramento,352321,0,0,0
2040,2015,R_American,R_Sacramento,100000,0,0,0
2040,2015,R_AmericanMFRK,R_AmericanNFRK,100000,0,0,0
2040,2015,R_AmericanNFRK,R_American,100000,0,0,0
2040,2015,R_AmericanNFRK,RES_Flsm,77241.26782,0,0,69170.5
2040,2015,R_AmericanSFRK,EDCWA_Lakes,4010.528381,0,0,3975
2040,2015,R_AmericanSFRK,R_American,100000,0,0,0
2040,2015,R_Calaveras,R_SanJoaquin,100000,0,0,0
2040,2015,R_CARMEL,GWR1806-3-04.08 ,759.1385179,0,0,0
2040,2015,R_Colorado,Lk_Havasu,1000000,0,0,0
2040,2015,R_COLORADO,SW_AAC,41483,87,0,0
2040,2015,R_Feather,R_Sacramento,2521429,0,0,0
2040,2015,R_Kings,XF1803019,23582.51774,87,0,23356.5
2040,2015,R_Mokelumn,R_SanJoaquin,100000,0,0,0
2040,2015,R_Mokelumn,RES1805031,133583.3333,0,0,133369.6
2040,2015,R_Mokelumn,XF1804062,7192.228312,0,0,7150
2040,2015,R_RUSSIAN,SW1801031,2701.673948,0,0,2641.12
2040,2015,R_Sacramento,SFBayDelta,2521429,0,0,0
2040,2015,R_SanJoaquin,SFBayDelta,100000,0,0,0
2040,2015,R_Stanislaus,R_SanJoaquin,100000,0,0,0
2040,2015,R_Stanislaus,RES_CVPNMEL,24000,0,0,24000
2040,2015,R_Tuolumn,R_SanJoaquin,100000,0,0,0
2040,2015,R_Tuolumn,RES1805081,10000,0,0,0
2040,2015,RES_CACHM,CVP_CACHM,6303.474851,0,0,6265.3
2040,2015,RES_Flsm,CVP_Flsm,80778.13047,0,0,72670.5
2040,2015,RES_Jenk,CVP_SlPk,4513.118318,0,0,0
2040,2015,RES_MLRTN,SW_CVPFKC,103526.7772,0,0,103423.55
2040,2015,RES1805081,SW1805081SYS,7687,0,0,0
2040,2015,SFBayDelta,CVP_CCC,106049.5285,0,0,89700
2040,2015,SFBayDelta,CVP_SFBayDelta,352321,0,0,0
2040,2015,SFBayDelta,ECCIDXF,4459.518635,0,0,3772
2040,2015,SFBayDelta,SWP_SFBayDelta,2521429,0,0,0
2040,2015,Solano_ID,SolanoIDExp,106600,0,0,106600
2040,2015,SW_CRA_LkMthws,XF_CRAxAAC,57998.22265,0,0,16040
2040,2015,SW_CVP-DMC,SW_CVP-ONL,8613,251.64,0,8613
2040,2015,SW_CVP-DosAmigos,SW_CVP-Coalinga,11469,146.88,0,0
2040,2015,SW_CVP-Gianelli,SW_CVP-Pacheco,140323,387.01,0,0
2040,2015,SW_CVP-ONL,SW_CVP-DosAmigos,120241,63.72,0,487
2040,2015,SW_CVP-ONL,SW_CVP-Gianelli,8613,63.72,0,0
2040,2015,SW_CVP-Pacheco,SW_CVP-Coyot,120241,254.88,0,0
2040,2015,SW_CVP-Tracy,SW_CVP-CoTracy,120241,24.84,0,0
2040,2015,SW1802SWP01,SW1802SWP02,3492302,0,0,0
2040,2015,SW1802SWP01,SW1802SWP03,2750,0,0,2750
2040,2015,SW1802SWP02,R_Feather,3489552,0,0,968123
2040,2015,SW1802SWP04,SW1805SWP05,31676.70284,255.335,0,0
2040,2015,SW1803SWP11,SW1803SWP12,32307.4704,88.165,0,0
2040,2015,SW1803SWP12,SW1803SWP13,32307.4704,0,0,0
2040,2015,SW1803SWP13,SW1803SWP14,32307.4704,0,0,0
2040,2015,SW1803SWP14,SW1806SWP15,32307.4704,0,0,0
2040,2015,SW1803SWP16,SW1803SWP17,2304461.201,280.525,0,0
2040,2015,SW1803SWP17,SW1803SWP18,2304461.201,306.86,0,0
2040,2015,SW1803SWP18,GWR1803-5-27,205,0,0,0
2040,2015,SW1803SWP18,SW1803SWP19,2304049.271,714.48,0,0
2040,2015,SW1803SWP19,GWR1803-5-27,270.3958197,0,0,0
2040,2015,SW1803SWP19,SW1809SWP20,412493,2611.745,0,0
2040,2015,SW1803SWP19,SW1809SWP24,2303047.082,2611.745,0,352321
2040,2015,SW1804SWP06,SW1804SWP07,106915,338.92,0,0
2040,2015,SW1804SWP06,SW1804SWP09,2482042.751,338.92,0,0
2040,2015,SW1804SWP06,SW1804SWP10,2482042.751,338.92,0,0
2040,2015,SW1804SWP07,SW1805SWP08,51015,965.235,0,0
2040,2015,SW1804SWP07,XF_BYRON,4500,965.235,0,21.42857143
2040,2015,SW1804SWP10,SW1803SWP11,72135.96319,155.72,0,0
2040,2015,SW1804SWP10,SW1803SWP16,2413983.262,155.72,0,0
2040,2015,SW1805081EB,SW1805081PEN,296955.555,113.2,0,0
2040,2015,SW1805081SYS,SW1805081EB,11469,0.7,0,0
2040,2015,SW1805SWP05,SW1805SWP05a,31676.70284,422.505,0,0
2040,2015,SW1805SWP05,SW1805SWP05b,29057.13951,422.505,0,0
2040,2015,SW1805SWP05,SW1805SWP05c,10057.13951,422.505,0,0
2040,2015,SW1805SWP05a,SW1805SWP05axf,6547.082616,0,0,6446.939375
2040,2015,SW1805SWP05a,SW1805SWP05axf2,781.4385564,0,0,767.25
2040,2015,SW1805SWP08,GWR1805-2-09.01 ,25400,83.9285,447.7322835,0
2040,2015,SW1806SWP15,GWR1806-3-12,2160.582665,0,0,0
2040,2015,SW1806SWP15,SLO_Co_FCWCD,517.7827268,819.82,0,512.07
2040,2015,SW1807246,GWR1807-8-01 ,178000,10,0,0
2040,2015,SW1807SWP22,SW1807SWP23,352321,0,0,0
2040,2015,SW1807SWP26,GWR1807-4-23,1292.504822,0,0,0
2040,2015,SW1807SWP26,GWR1807-8-02.06 ,21127.78754,0,0,0
2040,2015,SW1807SWP26,SW1807SWP27,37585,0,0,0
2040,2015,SW1807SWP27,SW1807SWP28,37585,0,0,0
2040,2015,SW1807SWP28,SW1807SWP29,37585,680.13,0,0
2040,2015,SW1809SWP20,SW1809SWP21,410212,0,0,0
2040,2015,SW1809SWP21,SW1807SWP22,352321,312.585,0,0
2040,2015,SW1809SWP21,XF1807203,38658.301,312.585,0,38400
2040,2015,SW1809SWP24,SW1809SWP25,770742,782.035,0,0
2040,2015,SW1809SWP25,SW1807SWP26,770742,0,0,0
2040,2015,SWP_SFBayDelta,SW1802SWP04,39386.2494,0,0,0
2040,2015,SWP_SFBayDelta,SW1804SWP06,2482042.751,0,0,0
2045,2015,CRA_EglMtn,CRA_Hinds,1000000,532.5650558,0,0
2045,2015,CRA_Gene,CRA_IronMtn,1000000,370.9591078,0,0
2045,2015,CRA_Hinds,SW_CRA_LkMthws,1000000,539.9107807,0,0
2045,2015,CRA_IronMtn,CRA_EglMtn,1000000,176.2973978,0,0
2045,2015,CRA_Whitsett,CRA_Gene,1000000,356.267658,0,0
2045,2015,CVP_SFBayDelta,SW_CVP-DMC,352321,0,0,0
2045,2015,CVP_SLNO,Solano_ID,114031,10,0,104908.52
2045,2015,GW1801-1-08,GW1801-1-08.01 ,163.2826087,0,0,163.2826087
2045,2015,GW1801-1-55,GW1801-1-55.01,1885.707845,0,0,1869.52
2045,2015,GW1802-5-21,GW1802-5-21.52 ,1783,0,0,1782.04
2045,2015,GW1802-5-21,GW1802-5-21.58 ,24447,0,0,24446.24
2045,2015,GW1802-5-21,GW1802-5-21.60 ,2791.709272,0,0,2762.83
2045,2015,GW1802-5-21,GW1802-5-21.61 ,2777,0,0,2635.2
2045,2015,GW1802-5-21,GW1802-5-21.62 ,1764.211398,0,0,1753.92
2045,2015,GW1802-5-21,GW1802-5-21.64 ,24675.10412,0,0,24569.67
2045,2015,GW1802-5-21,GW1802-5-21.65 ,51209.18927,0,0,47448.26
2045,2015,GW1802-5-21,GW1802-5-21.66 ,14507.31879,0,0,14436.61
2045,2015,GW1802-5-21,GW1802-5-21.67 ,24654,0,0,24571
2045,2015,GW1803-5-22,GW1803-5-22.08 ,51162.00619,0,0,49779.01
2045,2015,GW1803-5-22,GW1803-5-22.11 ,44528,0,0,44412.11
2045,2015,GW1803-5-22,GW1803-5-22.12 ,19215,0,0,19215
2045,2015,GW1803-5-22,GW1803-5-22.14 ,73862.32067,0,0,73690.41
2045,2015,GW1803-5-22,GW1804-5-22.15 ,303.2961607,0,0,298.8
2045,2015,GW1804-5-22,GW1804-5-22.01 ,22712.7957,0,0,22635.88
2045,2015,GW1804-5-22,GW1804-5-22.02 ,29158.98491,0,0,14489.16
2045,2015,GW1804-5-22,GW1804-5-22.03 ,28918.24675,0,0,27434.45
2045,2015,GW1804-5-22,GW1804-5-22.04 ,23660,0,0,23424.39
2045,2015,GW1804-5-22,GW1804-5-22.06 ,14984,0,0,14983.23
2045,2015,GW1804-5-22,GW1804-5-22.07 ,10588.98418,0,0,10476.86
2045,2015,GW1804-5-22,GW1804-5-22.15 ,6189.960425,0,0,6188.67
2045,2015,GW1805-2-02,GW1805-2-02.02 ,353.925092,0,0,353.71
2045,2015,GW1805-2-09,GW1805-2-09.01 ,27307.21649,0,0,27307.21649
2045,2015,GW1805-2-09,GW1805-2-09.02 ,39655.86155,0,0,31878.92
2045,2015,GW1805-2-09,GW1805-2-09.03 ,15.80585366,0,0,15.64
2045,2015,GW1806-3-03,GW1806-3-03.01 ,53088.70183,0,0,40183.46
2045,2015,GW1806-3-03,GW1806-3-03.04 ,1945.556741,0,0,1932.64
2045,2015,GW1806-3-04,GW1806-3-04.02 ,15216,0,0,15076.6
2045,2015,GW1806-3-04,GW1806-3-04.04 ,2355,0,0,2355
2045,2015,GW1806-3-04,GW1806-3-04.05 ,1621,0,0,1620.56
2045,2015,GW1806-3-04,GW1806-3-04.06 ,5749,0,0,5693.4
2045,2015,GW1806-3-04,GW1806-3-04.08 ,6931.067302,0,0,6909.98
2045,2015,GW1807-4-04,GW1807-4-04.02 ,16296.8514,0,0,5631.08
2045,2015,GW1807-4-04,GW1807-4-04.03 ,10921.52261,0,0,9375.32
2045,2015,GW1807-4-04,GW1807-4-04.07 ,10822.33705,0,0,10677.95
2045,2015,GW1807-4-11,GW1807-4-11.02 ,1027.543243,0,0,1022.58
2045,2015,GW1807-4-11,GW1807-4-11.03 ,21091.97259,0,0,20243.72
2045,2015,GW1807-4-11,GW1807-4-11.04 ,323602.497,0,0,291309.42
2045,2015,GW1807-8-02,GW1807-8-02.01 ,158068.4048,0,0,89450.97
2045,2015,GW1807-8-02,GW1807-8-02.02 ,4879.350773,0,0,4856.33
2045,2015,GW1807-8-02,GW1807-8-02.03 ,11596.05379,0,0,8675.15
2045,2015,GW1807-8-02,GW1807-8-02.04 ,30307.02846,0,0,29953.62
2045,2015,GW1807-8-02,GW1807-8-02.06 ,100002.2996,0,0,90413.51
2045,2015,GW1807-8-02,GW1807-8-02.07 ,7117.537829,0,0,7046.81
2045,2015,GW1807-8-02,GW1807-8-02.08 ,12077,0,0,11978.05
2045,2015,GW1808-6-05,GW1808-6-05.01 ,5900,0,0,5812.08
2045,2015,GW1808-6-05,GW1808-6-05.02 ,1088.555258,0,0,978.93
2045,2015,GW1808-6-05,GW1808-6-05.03 ,163,0,0,163
2045,2015,GW1810-7-21,GW1810-7-21.01 ,143344.0973,0,0,142238
2045,2015,GW1810-7-21,GW1810-7-21.03 ,8112,0,0,8058.45
2045,2015,GW1810-7-21,GW1810-7-21.04 ,5998.878677,0,0,5940.32
2045,2015,IMP1807246,GWR1807-8-01 ,6733,87,0,0
2045,2015,LK_BRYSA,CVP_SLNO,162827.635,0,0,150057.82
2045,2015,Lk_CLEAR,XF1802013,233.1462264,87,0,230.25
2045,2015,Lk_Havasu,CRA_Whitsett,1000000,0,0,0
2045,2015,Lk_OrovilleSWP,SW1802SWP01,3492302,0,0,3988
2045,2015,LK_ShastaCVP,R_Sacramento,352321,0,0,0
2045,2015,LK_TrinityCVP,R_Sacramento,352321,0,0,0
2045,2015,R_American,R_Sacramento,100000,0,0,0
2045,2015,R_AmericanMFRK,R_AmericanNFRK,100000,0,0,0
2045,2015,R_AmericanNFRK,R_American,100000,0,0,0
2045,2015,R_AmericanNFRK,RES_Flsm,54601.41926,0,0,44199.7
2045,2015,R_AmericanSFRK,R_American,100000,0,0,0
2045,2015,R_Calaveras,R_SanJoaquin,100000,0,0,0
2045,2015,R_CARMEL,GWR1806-3-04.08 ,977.5941599,0,0,0
2045,2015,R_Colorado,Lk_Havasu,1000000,0,0,0
2045,2015,R_COLORADO,SW_AAC,26153,87,0,0
2045,2015,R_Feather,R_Sacramento,2521429,0,0,0
2045,2015,R_Kings,XF1803019,14592.5511,87,0,14570.08
2045,2015,R_Mokelumn,R_SanJoaquin,100000,0,0,0
2045,2015,R_Mokelumn,RES1805031,134492.9296,0,0,133798.59
2045,2015,R_RUSSIAN,SW1801031,1083.095967,0,0,1075.35
2045,2015,R_Sacramento,SFBayDelta,2521429,0,0,0
2045,2015,R_SanJoaquin,SFBayDelta,100000,0,0,0
2045,2015,R_Stanislaus,R_SanJoaquin,100000,0,0,0
2045,2015,R_Stanislaus,RES_CVPNMEL,24000,0,0,0
2045,2015,R_Tuolumn,R_SanJoaquin,100000,0,0,0
2045,2015,R_Tuolumn,RES1805081,10000,0,0,0
2045,2015,RES_CACHM,CVP_CACHM,6619.999438,0,0,6539.45
2045,2015,RES_Flsm,CVP_Flsm,57836.79665,0,0,47399.7
2045,2015,RES_MLRTN,SW_CVPFKC,67956.99412,0,0,67371.23
2045,2015,RES1805081,SW1805081SYS,7687,0,0,0
2045,2015,SFBayDelta,CVP_CCC,54491.30435,0,0,54400
2045,2015,SFBayDelta,CVP_SFBayDelta,352321,0,0,0
2045,2015,SFBayDelta,ECCIDXF,1923.222506,0,0,1920
2045,2015,SFBayDelta,SWP_SFBayDelta,2521429,0,0,0
2045,2015,Solano_ID,SolanoIDExp,104908.52,0,0,104908.52
2045,2015,SW_CRA_LkMthws,XF_CRAxAAC,48543.40707,0,0,4812
2045,2015,SW_CVP-DMC,SW_CVP-ONL,8613,251.64,0,8613
2045,2015,SW_CVP-DosAmigos,SW_CVP-Coalinga,11469,146.88,0,0
2045,2015,SW_CVP-Gianelli,SW_CVP-Pacheco,140323,387.01,0,0
2045,2015,SW_CVP-ONL,SW_CVP-DosAmigos,120241,63.72,0,487
2045,2015,SW_CVP-ONL,SW_CVP-Gianelli,8613,63.72,0,0
2045,2015,SW_CVP-Pacheco,SW_CVP-Coyot,120241,254.88,0,0
2045,2015,SW_CVP-Tracy,SW_CVP-CoTracy,120241,24.84,0,0
2045,2015,SW1802SWP01,SW1802SWP02,3492302,0,0,0
2045,2015,SW1802SWP01,SW1802SWP03,2750,0,0,2750
2045,2015,SW1802SWP02,R_Feather,3489552,0,0,968123
2045,2015,SW1802SWP04,SW1805SWP05,27964.06947,255.335,0,0
2045,2015,SW1803SWP11,SW1803SWP12,24566.79809,88.165,0,0
2045,2015,SW1803SWP12,SW1803SWP13,24566.79809,0,0,0
2045,2015,SW1803SWP13,SW1803SWP14,24566.79809,0,0,0
2045,2015,SW1803SWP14,SW1806SWP15,24566.79809,0,0,0
2045,2015,SW1803SWP16,SW1803SWP17,1522733.262,280.525,0,0
2045,2015,SW1803SWP17,SW1803SWP18,1522733.262,306.86,0,0
2045,2015,SW1803SWP18,GWR1803-5-27,200.7356672,0,0,0
2045,2015,SW1803SWP18,SW1803SWP19,1522547.936,714.48,0,0
2045,2015,SW1803SWP19,GWR1803-5-27,370.4563107,0,0,0
2045,2015,SW1803SWP19,SW1809SWP20,412493,2611.745,0,0
2045,2015,SW1803SWP19,SW1809SWP24,1522401.563,2611.745,0,352321
2045,2015,SW1804SWP06,SW1804SWP07,106915,338.92,0,0
2045,2015,SW1804SWP06,SW1804SWP09,2485058.415,338.92,0,0
2045,2015,SW1804SWP06,SW1804SWP10,2485058.415,338.92,0,0
2045,2015,SW1804SWP07,SW1805SWP08,66708.51493,965.235,0,0
2045,2015,SW1804SWP07,XF_BYRON,3228.284108,965.235,0,0
2045,2015,SW1804SWP10,SW1803SWP11,71075.15248,155.72,0,0
2045,2015,SW1804SWP10,SW1803SWP16,2413983.262,155.72,0,0
2045,2015,SW1805081EB,SW1805081PEN,296955.555,113.2,0,0
2045,2015,SW1805081PEN,GWR1805-2-35,2204,702,26,0
2045,2015,SW1805081SYS,SW1805081EB,11469,0.7,0,0
2045,2015,SW1805SWP05,SW1805SWP05a,27964.06947,422.505,0,0
2045,2015,SW1805SWP05,SW1805SWP05b,25397.01435,422.505,0,0
2045,2015,SW1805SWP05,SW1805SWP05c,10321.01435,422.505,0,0
2045,2015,SW1805SWP05a,SW1805SWP05axf,5678.99535,0,0,5660.546442
2045,2015,SW1805SWP05a,SW1805SWP05axf2,715.6878777,0,0,705.87
2045,2015,SW1805SWP08,GWR1805-2-09.01 ,24900,83.9285,442.626506,0
2045,2015,SW1805SWP08,SWP_YBACRD,104.0224879,83.9285,224,0
2045,2015,SW1806SWP15,GWR1806-3-12,2310.71916,0,0,0
2045,2015,SW1806SWP15,SLO_Co_FCWCD,870.2263701,819.82,0,864.27
2045,2015,SW1807246,GWR1807-8-01 ,178000,10,0,0
2045,2015,SW1807SWP22,SW1807SWP23,352321,0,0,0
2045,2015,SW1807SWP26,GWR1807-4-23,1022.352941,0,0,0
2045,2015,SW1807SWP26,GWR1807-8-02.06 ,28916.50431,0,0,0
2045,2015,SW1807SWP26,SW1807SWP27,37585,0,0,0
2045,2015,SW1807SWP27,SW1807SWP28,37585,0,0,0
2045,2015,SW1807SWP28,SW1807SWP29,37585,680.13,0,0
2045,2015,SW1809SWP20,SW1809SWP21,410212,0,0,0
2045,2015,SW1809SWP21,SW1807SWP22,352321,312.585,0,0
2045,2015,SW1809SWP24,SW1809SWP25,770742,782.035,0,0
2045,2015,SW1809SWP25,SW1807SWP26,770742,0,0,0
2045,2015,SWP_SFBayDelta,SW1802SWP04,36370.58526,0,0,0
2045,2015,SWP_SFBayDelta,SW1804SWP06,2485058.415,0,0,0
